<?xml version="1.0" encoding="UTF-8"?>
<project-private xmlns="http://www.netbeans.org/ns/project-private/1">
    <editor-bookmarks xmlns="http://www.netbeans.org/ns/editor-bookmarks/2" lastBookmarkId="0"/>
    <open-files xmlns="http://www.netbeans.org/ns/projectui-open-files/2">
        <group>
            <file>file:/C:/Users/luixs/Documents/NetBeansProjects/Trabalho_Aula_28/ProjCalculadoraAula28/web/WEB-INF/web.xml</file>
            <file>file:/C:/Users/luixs/Documents/NetBeansProjects/Trabalho_Aula_28/ProjCalculadoraAula28/web/index.html</file>
            <file>file:/C:/Users/luixs/Documents/NetBeansProjects/Trabalho_Aula_28/ProjCalculadoraAula28/web/resultado.jsp</file>
            <file>file:/C:/Users/luixs/Documents/NetBeansProjects/Trabalho_Aula_28/ProjCalculadoraAula28/src/java/Model/Calculadora.java</file>
        </group>
    </open-files>
</project-private>
